*I/O;width=60,Scaled Value,AI Zero,AI Span,Function Selection / Confirmation,TB2 (Bttm)
Mix 1,@GV.MIX_1_BOARDSTATUS;Format=2;x=25;y=25;OnBitmap=C:/OPENBSI/CompMonitor/IMAGES/ON.BMP;OffBitmap=C:/OPENBSI/CompMonitor/IMAGES/OFF.BMP;Rights=13,@GV._S2_IO_BOARD_ID_STR;Format=0;x=100%;y=20;description=This is the IO board description example;OnBitmap=C:/OPENBSI/CompMonitor/IMAGES/ON.BMP;OffBitmap=C:/OPENBSI/CompMonitor/IMAGES/OFF.BMP;Rights=13;BackColor=16777215,,,
AI 1,@GV.AI1,@GV.AI1ZERO,@GV.AI1SPAN,@GV.AISELECT1;x=100%;Rights=13,3
AI 2,@GV.AI2,@GV.AI2ZERO,@GV.AI2SPAN,@GV.AISELECT2;x=100%;Rights=13,4
AI 3,@GV.AI3,@GV.AI3ZERO,@GV.AI3SPAN,@GV.AISELECT3;x=100%;Rights=13,5
AI 4,@GV.AI4,@GV.AI4ZERO,@GV.AI4SPAN,@GV.AISELECT4;x=100%;Rights=13,6
