*I/O;width=60,Stat,Function Selection / Confirmation,TB1 (Top)
Mix 1,@GV.MIX_1_BOARDSTATUS;Format=2;x=25;y=25;OnBitmap=C:/OPENBSI/CompMonitor/IMAGES/ON.BMP;OffBitmap=C:/OPENBSI/CompMonitor/IMAGES/OFF.BMP;Rights=13,@GV._S2_IO_BOARD_ID_STR;Format=0;x=100%;y=20;description=This is the IO board description example;OnBitmap=C:/OPENBSI/CompMonitor/IMAGES/ON.BMP;OffBitmap=C:/OPENBSI/CompMonitor/IMAGES/OFF.BMP;Rights=13;BackColor=16777215,
DI 1,@GV.DI1,@GV.DISELECT1;x=100%;Rights=13,9
DI 2,@GV.DI2,@GV.DISELECT2;x=100%;Rights=13;OnBitmap=C:/OPENBSI/CompMonitor/IMAGES/ON.BMP;OffBitmap=C:/OPENBSI/CompMonitor/IMAGES/OFF.BMP;BackColor=16777215,10
DI 3,@GV.DI3,@GV.DISELECT3;x=100%;Rights=13,11
DI 4,@GV.DI4,@GV.DISELECT4;x=100%;Rights=13,12
DI 5,@GV.DI5,@GV.DISELECT5;x=100%;Rights=13,13
DI 6,@GV.DI6,@GV.DISELECT6;x=100%;Rights=13,14
