*I/O;width=60,Scaled Value,Function Selection / Confirmation,Stat,TB1 (Top)
Mix 1,@GV.MIX_1_BOARDSTATUS;Format=2;x=25;y=25;OnBitmap=C:/OPENBSI/CompMonitor/IMAGES/ON.BMP;OffBitmap=C:/OPENBSI/CompMonitor/IMAGES/OFF.BMP;Rights=13,@GV._S2_IO_BOARD_ID_STR;Format=0;x=100%;y=20;description=This is the IO board description example;OnBitmap=C:/OPENBSI/CompMonitor/IMAGES/ON.BMP;OffBitmap=C:/OPENBSI/CompMonitor/IMAGES/OFF.BMP;Rights=13;BackColor=16777215,,
DO 1,@GV.DO1,@GV.DOSELECT1;x=100%;Rights=13,@GV.DO1STAT;Format=7;BtnMode=0;BtnFunction=2;BtnToggleONtoOFFText=ON;BtnToggleOFFtoONText=OFF,2
DO 2,@GV.DO2,@GV.DOSELECT2;x=100%;Rights=13,@GV.DO2STAT;Format=7;BtnMode=0;BtnFunction=2;BtnToggleONtoOFFText=now its ON;BtnToggleOFFtoONText=this is OFF,3
DO 3,@GV.DO3,@GV.DOSELECT3;x=100%;Rights=13,@GV.DO3STAT;x=18;y=18;Format=2;OnBitmap=C:/OPENBSI/CompMonitor/IMAGES/CheckboxON.BMP;OffBitmap=C:/OPENBSI/CompMonitor/IMAGES/CheckboxOFF.BMP;Rights=13,4
DO 4,@GV.DO4,@GV.DOSELECT4;x=100%;Rights=13,@GV.DO4STAT,5
DO 5,@GV.DO5,@GV.DOSELECT5;x=100%;Rights=13,@GV.DO5STAT,6
DO 6,@GV.DO6,@GV.DOSELECT6;x=100%;Rights=13,@GV.DO6STAT,7
